Unnamed: 0,Sqft,Floor,TotalFloor,Bedroom,Living.Room,Bathroom,Price,PricePerSqft,PredictedPrice
1,1177.698,2,7,2,2,2,62000,52.64507539284264,56983.319249959255
2,2134.8,5,7,4,2,2,78000,36.537380550871276,81624.73149864684
3,1138.56,5,7,2,2,1,58000,50.941540191118605,53951.97539408796
4,1458.78,2,7,3,2,2,45000,30.847694648953237,43541.34082016721
5,967.776,11,14,3,2,2,45000,46.498363257613335,45193.85090176522
6,1127.886,11,12,4,2,2,148000,131.21893524700192,159116.39068658525
7,1352.04,5,7,3,2,1,58000,42.8981391083104,54784.76032647446
8,757.854,5,14,1,0,1,48000,63.33673768298379,51903.035811911854
9,1152.792,10,12,3,2,2,45000,39.035662981700085,43401.57470201816
10,1423.2,4,5,4,2,2,65000,45.67172568858909,63228.365404536846
11,668.904,4,11,1,1,1,31000,46.344467965507754,26598.3710773759
12,711.6,4,7,2,1,1,29002,40.756042720629566,23626.449176348004
13,1352.04,9,19,4,2,2,39000,28.845300434898377,40216.125745978155
14,818.34,4,13,2,2,1,48000,58.655326636850205,49559.564193723796
15,2134.8,10,19,3,2,2,55000,25.76353756792205,67275.1047081909
16,2768.124,6,19,3,2,2,100000,36.12554928897694,105091.62017171585
17,711.6,5,13,2,2,1,48000,67.45362563237774,56396.12638329066
18,462.54,5,13,1,1,1,25000,54.049379513123185,27828.345606230047
19,2739.66,6,19,3,2,2,90000,32.85079170408007,99849.84127499486
20,1174.14,3,9,3,2,1,33000,28.105677346824056,28264.497559825373
21,2490.6,19,21,5,3,4,140000,56.21135469364812,126913.45833044295
22,2768.124,6,19,3,2,2,100000,36.12554928897694,105104.25775733398
23,747.18,7,15,2,2,1,55000,73.61010733692015,66081.34888396601
24,1668.702,4,12,3,2,2,105000,62.92315823915834,92496.41494431783
25,3664.74,19,19,3,2,3,200000,54.57413077053216,169914.16260753377
26,1779.0,10,12,4,2,2,98000,55.08712759977515,91315.59587965376
27,3664.74,19,19,3,2,3,200000,54.57413077053216,169918.37513607313
28,3059.88,21,24,4,2,3,145000,47.38747924755219,138204.67231917736
29,533.7,3,4,1,1,1,25000,46.842795578040096,21731.458307420733
30,853.92,6,7,2,1,1,24028,28.13846730372869,14576.868508402367
31,1732.746,8,12,4,2,2,65000,37.51271103785552,66910.62567394019
32,1245.3,10,12,3,0,0,85000,68.25664498514415,83696.80400693948
33,2134.8,10,19,3,2,2,55000,25.76353756792205,67313.01746504527
34,1206.162,7,7,2,2,1,57000,47.257333592005054,52921.001865144906
35,861.036,5,12,2,2,1,46000,53.42401479148375,45277.11867824997
36,462.54,3,4,1,1,1,52000,112.42270938729622,100226.27885244577
37,434.076,5,12,2,2,1,43500,100.21286594974151,85656.87890478823
38,768.528,4,4,3,2,2,60000,78.07132596340016,74452.59871510102
39,3735.9,19,19,3,2,3,200000,53.53462351776011,171606.9623721568
40,889.5,6,7,3,2,1,36000,40.472175379426645,32976.09499106865
41,3063.438,21,24,5,2,4,145000,47.332441524848875,140565.04228875102
42,925.08,10,14,2,1,1,48000,51.88740433259826,47965.718011237885
43,1174.14,2,14,3,2,2,36000,30.66073892380806,31149.519068066962
44,1352.04,1,4,4,2,2,65000,48.075500724830626,62383.21791029686
45,1771.884,7,15,4,2,2,70000,39.50597217425069,70521.65127394197
46,1601.1,6,7,4,2,2,50000,31.228530385360067,53305.270044038305
47,1487.244,2,6,2,2,2,47999,32.2737896404356,44695.26154438865
48,2277.12,2,25,3,2,2,80000,35.13209668353007,81832.98543709308
49,3735.9,19,19,3,2,3,200000,53.53462351776011,171628.02501485366
50,711.6,4,7,2,1,1,24030,33.768971332209105,15030.25463109486
51,2241.54,7,13,4,2,2,76000,33.90526156124807,83198.32356220085
52,1494.36,1,5,2,2,2,70000,46.8427955780401,62817.00575896704
53,711.6,2,3,2,2,1,32500,45.67172568858909,29023.455543033793
54,889.5,2,6,2,2,1,30032,33.7627880831928,21440.614341466237
55,4643.19,1,6,5,4,4,180000,38.766451512860776,189182.42482576612
56,2191.728,2,7,3,2,2,80000,36.500879671200074,81098.23299332382
57,640.44,5,7,1,1,1,36000,56.21135469364811,38344.999671322366
58,1067.4,12,12,3,2,2,36000,33.72681281618887,34039.73409232356
59,640.44,2,6,2,2,1,29032,45.33133470738866,25477.009391408013
60,1362.714,1,7,3,2,2,43000,31.55467691679986,40213.02303011665
61,604.86,6,10,2,1,1,30000,49.59825414145422,30768.25011182646
62,889.5,2,4,4,1,1,32000,35.975267003934796,28590.4400590808
63,1423.2,5,7,3,2,2,45000,31.618887015177066,44154.47345208135
64,1184.814,2,9,3,2,2,49000,41.356702402233594,45222.431272818736
65,391.38,5,7,1,1,1,27500,70.26419336706014,45472.59621185142
66,426.96,5,13,1,1,1,23000,53.86921491474612,26228.663127699
67,1067.4,4,5,3,2,1,33500,31.384673037286863,28583.14590710494
68,533.7,2,7,2,1,1,26000,48.7165074011617,25571.83886031405
69,462.54,6,14,1,1,1,27500,59.454317464435505,34922.71446866391
70,1270.206,6,8,3,2,2,50000,39.36369376305891,47710.340894443696
71,889.5,8,12,2,1,1,25000,28.10567734682406,16467.97387728231
72,1284.438,6,12,3,2,2,41000,31.92057538004948,38819.81282386099
73,1892.856,2,7,4,2,3,90000,47.54719851906326,84697.16180511363
74,996.24,2,4,3,2,1,26000,26.098128964908053,18467.733039541323
75,711.6,4,7,2,2,1,38000,53.40078695896571,39096.55718246891
76,1754.094,3,7,3,2,2,75000,42.75711563918467,71077.29726763346
77,2063.64,7,24,3,2,1,56000,27.136516059002542,64540.67681351412
78,1522.824,5,12,4,2,2,40000,26.266988174601924,43322.22029672495
79,1540.614,6,14,4,2,2,89900,58.35335781707813,84120.85667494139
80,914.406,2,4,2,2,1,37000,40.46342653044709,30971.391366401698
81,1558.404,5,7,4,2,2,48800,31.314088002854202,51376.65762251173
82,772.086,6,7,2,1,1,39000,50.51250767401559,39072.23186923312
83,711.6,8,9,2,2,1,45000,63.23777403035413,52551.41204881435
84,747.18,5,9,2,2,2,50000,66.91827939720014,57896.28149888471
85,1227.51,5,12,3,1,2,45000,36.65957914803138,42396.74285295205
86,1451.664,2,5,3,3,2,46000,31.687773479262418,44219.067218258904
87,3255.57,4,7,4,2,4,130000,39.931563443575165,132817.30393237816
88,1779.0,7,12,4,2,2,60000,33.72681281618887,63913.60751642197
89,1892.856,2,7,4,2,3,78000,41.207572049854825,76858.59757426067
90,2312.7,7,15,4,2,2,70000,30.26765252734899,81596.0562074387
91,1992.48,5,12,3,2,2,70000,35.13209668353007,71905.20765342913
92,2063.64,5,7,4,2,2,70000,33.92064507375318,75610.82460834808
93,1529.94,2,7,2,2,2,49800,32.55029609004274,46847.219831369235
94,2145.474,5,6,4,2,2,79999,37.28733137758835,83253.6406349781
95,2170.38,5,7,4,2,2,60000,27.644928537859727,72255.42791934109
96,1771.884,4,7,4,2,2,57000,32.16914877046127,60996.3068500262
97,1956.9,6,17,4,2,2,66000,33.72681281618887,70677.98714238481
98,1743.42,3,7,4,2,2,75000,43.01889389820009,72955.49920493618
99,1707.84,13,20,2,2,2,55000,32.20442195990257,56722.89565017907
100,2063.64,5,7,4,2,2,70000,33.92064507375318,75627.67472250559
102,2366.07,2,7,3,2,2,75000,31.69813234604217,82468.89229225408
103,1814.58,2,16,3,2,2,60000,33.06550276096948,60727.63674328169
104,2938.908,2,25,4,2,2,95000,32.3249315732238,107888.41125180665
105,3173.736,3,9,3,2,3,150000,47.262910336587545,135850.46996196036
106,2917.56,8,16,4,2,2,150000,51.412824414922056,133272.29203180168
107,1786.116,3,6,4,2,3,98000,54.867656971887605,89824.66053066598
108,3202.2,12,12,5,3,3,80000,24.982824308288052,115750.20317479683
109,583.512,6,6,1,2,1,33000,56.55410685641427,36549.43148292201
110,2099.22,7,15,4,2,2,55000,26.20020769619192,67725.03355043122
111,2063.64,7,15,2,2,2,80000,38.766451512860776,77954.43934776288
112,2099.22,7,15,4,2,2,52000,24.771105458217818,65954.6508703785
113,857.478,6,9,4,2,2,52000,60.64295527115565,58979.776027122265
114,2227.308,2,7,4,2,2,99999,44.89679918538433,95073.05473798883
115,2088.546,8,19,3,2,2,65000,31.12212994111693,71547.41388047393
116,1423.2,7,14,3,2,2,92000,64.64305789769533,85520.92868180048
117,1569.078,6,7,3,2,2,55000,35.05243206520007,54923.88981003869
118,3202.2,5,6,4,2,2,149999,46.84248329273625,139038.11701697292
119,711.6,6,12,2,1,1,35000,49.1849353569421,34686.84395430192
120,391.38,13,14,1,1,1,22000,56.21135469364812,30401.72753413013
121,960.66,2,14,2,2,2,33000,34.351383423896074,25084.38946174444
122,878.826,10,14,2,1,1,48000,54.61832035010343,49605.166782745444
123,1280.88,10,12,3,2,2,53000,41.37780276060208,51867.479376859905
124,2134.8,3,6,3,2,2,68000,31.853100993067265,73503.61135664191
125,2149.032,5,6,4,2,2,80000,37.22606271102524,83390.56042163094
126,2543.97,9,12,3,2,2,120000,47.17036757508933,111166.37841829837
127,1206.162,7,7,2,2,1,57000,47.257333592005054,53116.8844422258
128,1280.88,7,7,2,1,1,57000,44.50065579913809,53161.96772027156
129,2067.198,4,14,4,2,2,100000,48.37465980520492,93023.40327831535
130,1184.814,6,7,3,2,2,38000,32.07254472009952,35298.70195122095
131,732.948,8,11,2,1,1,27000,36.83753827010921,20998.866045938594
132,1529.94,6,12,3,2,2,75000,49.021530256088475,70373.12270764369
133,1572.636,2,5,4,2,2,55000,34.97312792025618,55733.86402672205
134,2540.412,18,18,4,2,2,89000,35.033687449122425,100574.98391648669
135,1135.002,7,12,3,2,1,40000,35.242228648055246,36905.914696606334
136,1544.172,5,16,3,2,2,99999,64.75897762684468,89935.29851856786
137,1921.32,4,7,4,2,2,48000,24.982824308288052,58362.671421790335
138,772.086,6,7,2,1,1,39000,50.51250767401559,39190.18266833558
139,1754.094,3,7,3,2,2,75000,42.75711563918467,71209.99191662374
140,2558.202,2,10,3,2,2,80000,31.27196366823261,89813.59661444367
141,1195.488,10,16,3,2,2,86888,72.67994325329907,86987.00428835758
142,3323.172,19,21,5,3,4,140000,42.12842428860137,144244.03368346833
143,1223.952,6,7,4,2,2,58888,48.1129978953423,58819.0879035401
144,1184.814,7,7,2,2,1,57000,48.10881708014929,53323.787331164895
145,1223.952,3,7,3,2,2,41888,34.2235643227839,38617.811215685935
146,1245.3,5,6,4,2,2,39000,31.317754757889666,38580.72372973297
147,533.7,10,12,2,1,1,29999,56.20948098182499,37427.663230334685
148,2028.06,6,15,4,2,2,88000,43.391221167026615,85861.87929091939
149,4981.2,3,38,3,2,3,225000,45.16983859311009,206616.85504697225
150,1245.3,6,7,3,2,2,40999,32.922990444069704,38907.87948676165
151,1707.84,3,20,3,2,2,55000,32.20442195990257,55421.36084643772
152,1779.0,10,13,4,2,2,97999,55.08656548622822,91519.52857213347
153,1956.9,6,7,4,2,2,77000,39.34794828555368,78383.59840913764
154,1779.0,2,7,4,2,2,57000,32.04047217537943,60581.90210757259
155,889.5,10,14,2,1,1,52000,58.45980888139404,54887.980908236226
156,996.24,11,14,3,2,2,44999,45.16883481891914,45042.5981479197
158,1067.4,4,7,3,2,1,32000,29.97938916994566,26908.28013775994
159,900.174,10,21,1,2,1,50000,55.54481689095664,48980.32537020547
160,1704.282,3,6,3,2,2,59888,35.13972452915656,59788.15869426871
161,1284.438,6,12,3,2,2,41000,31.92057538004948,39007.27034386313
162,1565.52,2,6,3,2,1,45000,28.74444274107006,45450.64636480265
163,1487.244,1,7,3,2,3,68000,45.72215453550326,63495.9350644971
164,572.838,14,14,1,1,1,43000,75.06485254120712,61774.95143726599
165,683.136,4,5,2,2,1,28000,40.98744613078509,22811.656741888568
166,4091.7,2,15,3,2,4,180000,43.99149497763766,169627.9335284881
167,1124.328,3,5,3,2,2,45000,40.023907614148186,41852.497050306716
168,1789.674,10,12,4,2,2,88000,49.17096633241585,84711.37993310852
169,1889.298,2,14,4,2,2,100000,52.92971251755943,90706.40453977739
170,2205.96,4,15,3,2,2,100000,45.33173765616784,93081.06354046645
171,1601.1,5,12,2,2,2,48000,29.979389169945666,47477.69763717494
172,1085.19,12,19,2,2,1,35000,32.25241662750302,30508.604604122196
173,1921.32,4,7,4,2,2,48000,24.982824308288052,58438.49693549906
174,1707.84,9,15,3,2,2,80000,46.842795578040096,75967.46261885774
175,2120.568,5,7,3,2,2,98000,46.21403322128788,91464.40591069737
176,2782.356,12,13,3,2,3,120000,43.128916644742795,117400.7619471109
177,914.406,2,4,2,2,1,37000,40.46342653044709,31175.699000561337
178,1850.16,16,18,4,2,3,82000,44.32049120076101,83176.08941061357
179,1889.298,2,14,4,2,2,100000,52.92971251755943,90727.46718247427
180,1245.3,2,5,3,2,2,35000,28.10567734682406,31766.26917967044
181,1494.36,2,7,2,2,2,49800,33.32530313980567,46517.87733355839
182,1487.244,6,7,4,2,2,33700,22.659361880094995,38224.31094684868
183,1690.05,7,14,3,2,2,40000,23.667938818378154,45858.95030523972
184,796.992,3,12,2,2,2,45000,56.46229824138762,46336.55478477056
185,3255.57,4,7,4,2,5,130000,39.931563443575165,133327.425019548
186,1063.842,3,7,2,1,1,45000,42.29951440157467,40196.37731607047
187,1263.09,5,7,2,1,2,37000,29.293241178380008,33295.330325922216
188,1352.04,5,5,3,2,2,36000,26.626431170675424,35385.739765601524
189,1287.996,4,5,4,2,2,30000,23.291997801235407,30202.403338983844
190,1167.024,3,12,3,2,2,42000,35.988977090445445,38237.71016868655
191,1167.024,3,12,3,2,2,42000,35.988977090445445,38239.81643295623
192,1839.486,2,13,1,0,1,67000,36.42321822509114,62825.75917343443
193,796.992,3,12,2,2,1,45000,56.46229824138762,46051.803974457216
194,601.302,2,9,1,1,1,38000,63.196197584574804,44552.44321225355
195,2156.148,12,17,3,2,3,75000,34.78425414210898,80839.4123320246
196,2138.358,11,14,4,2,2,55000,25.72066978494714,70340.62286211163
197,1779.0,2,9,3,2,2,55000,30.916245081506464,57205.02093386259
198,1779.0,8,15,3,2,2,85000,47.7796514896009,79799.38646493111
199,1732.746,8,12,4,2,2,65000,37.51271103785552,67264.4780712476
200,526.584,13,17,2,1,1,29500,56.02145146833174,37714.896741987664
201,718.716,5,7,2,2,1,43000,59.82891712442745,47975.62133362009
202,1601.1,3,7,3,2,2,33500,20.923115358191243,37878.83190306752
203,1174.14,14,14,3,2,1,26000,22.143867000528044,24640.118514882386
204,1408.968,9,9,2,2,2,65999,46.84208583871315,62037.074619207604
205,1387.62,2,7,3,2,2,45000,32.42962770787392,42974.947966731
206,604.86,3,12,1,1,1,23800,39.347948285553684,15265.557970599817
207,1380.504,6,13,3,2,2,49999,36.21793200164578,48367.73468746701
208,2134.8,2,13,1,2,2,58000,27.168821435263254,63202.56384314941
209,740.064,10,12,2,2,2,45000,60.80555195226359,51771.85426346738
210,1031.82,5,12,2,2,2,36000,34.88980636157469,30024.373039674927
211,1526.382,8,12,4,2,2,65000,42.584359616400086,65020.53509880746
212,1601.1,1,4,3,2,2,65000,40.59708950096809,61840.23524696375
213,1423.2,13,21,2,2,2,55000,38.64530635188308,53083.75057657229
214,384.264,2,9,1,1,1,35000,91.08321362396686,70213.33385970513
215,1996.038,5,12,3,2,2,75000,37.574434955647135,75346.87708036053
216,718.716,5,7,2,2,1,43000,59.82891712442745,48007.21529766539
217,1366.272,4,11,3,2,2,50000,36.595934045343824,47716.67962016897
218,1743.42,3,12,3,2,2,45000,25.811336338920054,49586.964522662674
219,1636.68,4,4,4,2,2,52000,31.771635261627196,55331.19991838214
220,1903.53,8,13,3,2,2,120000,63.04077161904462,104087.5374315439
221,668.904,5,6,2,1,1,28000,41.85951945271668,24061.287539611418
222,2430.114,12,25,4,2,2,110000,45.2653661515468,106444.78358528687
223,1298.67,7,7,2,2,1,57000,43.89105777449236,52979.35848963929
224,2138.358,11,14,4,2,2,55000,25.72066978494714,70399.59826166286
225,2963.814,2,25,4,2,2,95000,32.05329349277654,108839.90519474621
226,533.7,14,16,1,1,1,25000,46.842795578040096,25114.366080419037
227,2262.888,4,14,3,2,2,120000,53.029579899668036,105184.01575489016
228,590.628,8,9,1,2,1,45000,76.19008919319775,61968.493680590764
229,964.218,5,14,2,1,1,28000,29.039076225500875,19931.83763547868
230,796.992,3,12,2,2,2,45000,56.46229824138762,46433.44294117616
231,2408.766,6,13,4,2,3,80000,33.212026406882195,89626.42731578434
232,1700.724,13,21,2,2,2,55000,32.33916849529965,56814.17985244373
233,1672.26,3,7,3,2,2,75000,44.84948512791073,70608.94705527136
234,1469.454,6,7,2,2,2,75000,51.039365641932314,68936.48708969113
235,2067.198,4,14,4,2,2,100000,48.37465980520492,93246.66729090217
236,1754.094,3,7,3,2,2,75000,42.75711563918467,71414.29955078338
237,1757.652,4,16,4,2,2,55000,31.291746033913423,59066.118143064334
238,587.07,5,7,1,1,1,36000,61.32147784761612,42856.16152413684
239,1487.244,5,7,3,2,2,50000,33.61923127610533,49667.82704311239
240,1487.244,5,7,3,2,2,50000,33.61923127610533,49669.933307382074
241,789.876,7,9,1,1,1,42000,53.17290308858606,41713.881537333335
242,2006.712,3,7,4,2,2,68000,33.88627765219922,72848.59200094575
243,871.71,8,14,2,1,1,41999,48.180013995480145,40897.61567092363
244,1522.824,11,11,4,2,3,60000,39.40048226190289,62361.4985963118
245,3173.736,3,9,4,2,3,160000,50.41377102569338,142007.8632101796
246,1899.972,21,27,4,2,2,57000,30.00044211177849,68435.16210825498
247,2205.96,8,10,3,2,3,120000,54.3980851874014,106453.32232070975
248,1106.538,3,12,1,2,1,50000,45.18597644183932,43065.744853970085
249,2668.5,5,12,4,2,2,138888,52.047217537942664,123256.5497181365
250,882.384,10,14,1,1,1,48800,55.30471994052476,48924.89674409248
251,3255.57,4,7,4,2,5,120000,36.85990471714631,129652.19010772498
252,2138.358,6,7,3,2,2,43000,20.108887286413218,60285.01552254707
253,1579.752,4,15,3,1,2,99990,63.294744997949046,89929.50061023748
254,2768.124,8,19,3,2,2,60000,21.675329573386165,88321.47065211063
255,2081.43,10,17,2,2,2,68000,32.669847172376684,72312.55886237897
256,1700.724,13,21,2,2,2,55000,32.33916849529965,56864.730194916214
257,2134.8,6,7,3,2,2,43000,20.14240209855724,60189.45775513534
258,718.716,5,12,2,1,1,34800,48.4196817658157,33988.671688977316
259,754.296,5,7,2,1,1,80000,106.05915979933606,107345.75829888074
260,1387.62,2,7,3,2,2,45000,32.42962770787392,43090.79250156379
261,3558.0,1,5,2,2,2,63000,17.706576728499158,112746.80621935282
262,1515.708,2,7,2,2,2,49800,32.85593267304784,46991.8791939301
263,914.406,12,12,3,2,2,36000,39.369820408002575,35127.382420039976
264,711.6,8,14,1,1,1,36000,50.5902192242833,35338.03105321631
265,1487.244,2,6,2,2,2,48000,32.27446202506112,45155.262092320016
266,2138.358,6,7,3,2,2,43000,20.108887286413218,60314.50322232269
267,1127.886,4,5,3,2,2,26000,23.051975110959795,21471.941349096123
268,1135.002,2,7,3,2,1,37000,32.5990614994511,32527.184653226912
269,665.346,6,7,1,1,1,25000,37.574434955647135,17019.076622616987
270,925.08,2,4,2,2,1,36000,38.91555324944869,29892.62065088209
271,1209.72,3,4,3,2,2,38000,31.412227622921005,34983.65906676752
272,1337.808,8,19,3,2,2,60000,44.84948512791073,57758.087102843194
273,1366.272,4,11,4,2,2,49999,36.59520212666292,49783.6399991824
274,2052.966,6,7,4,2,2,77999,37.99332283145459,80944.41274849673
275,711.6,8,14,1,1,1,36000,50.5902192242833,35361.19996018287
276,533.7,7,12,1,1,1,17000,31.853100993067265,4496.496427755752
277,1138.56,4,5,3,2,2,26000,22.83586284429455,21667.764298004702
278,1458.78,4,12,3,2,2,36000,24.67815571916259,36825.80267378704
279,1245.3,5,7,2,2,2,37000,29.711716052356863,32905.9543956737
280,1814.58,6,14,4,2,2,90000,49.59825414145422,85045.90359921049
281,1515.708,4,7,2,2,2,88000,58.05867620940181,78999.73314539497
282,811.224,5,12,2,1,1,43500,53.622673885388004,44340.42816930461
283,359.358,12,12,1,1,1,26000,72.35124861558668,49242.909394974515
284,1882.182,6,7,3,2,2,55000,29.221403668720665,61033.07869218149
285,1419.642,6,12,4,2,2,50000,35.220147051157966,50928.464750519655
286,1394.736,12,12,2,2,1,45000,32.264170423650064,44039.07085326528
287,2063.64,3,6,4,2,3,88000,42.64309666414685,86544.96619605595
288,1661.586,10,12,1,1,1,50000,30.091731634715266,50165.767272710335
289,3504.63,13,14,2,2,2,250000,71.33420646402045,180668.9256195826
291,1871.508,8,9,3,2,2,88000,47.020905066929984,83258.00662670861
292,640.44,14,14,1,1,1,43000,67.14134032852414,55011.90973722743
293,2430.114,5,25,3,2,2,88000,36.21229292123744,91050.023388199
294,1519.266,2,7,2,2,2,49800,32.77898669489082,47111.43786085526
295,761.412,8,13,1,1,1,26000,34.1470846269825,17113.62306854176
296,1903.53,8,13,2,2,2,120000,63.04077161904462,102297.69507226365
297,1163.466,3,7,3,2,2,45000,38.67753763324412,41957.70132542009
298,1779.0,4,4,4,2,2,51999,29.229342327150086,58248.94050345909
299,1579.752,10,12,4,1,1,65000,41.14569881854874,66367.76880588458
300,3145.272,2,25,4,2,2,98000,31.15787760168278,115419.00804963076
301,3148.83,2,25,4,2,2,98000,31.122670960324946,115525.10256485012
302,2700.522,15,21,5,2,4,100000,37.029877927304426,111421.1623759064
303,3664.74,9,13,5,1,2,206000,56.21135469364812,173496.7019777745
304,2134.8,2,6,3,2,2,68000,31.853100993067265,73546.64102623142
305,1700.724,13,21,2,2,2,55000,32.33916849529965,56967.937144130876
306,1380.504,6,13,3,2,2,49800,36.07378174927418,48397.255517313104
307,2052.966,5,7,4,2,2,77999,37.99332283145459,80677.82157044225
308,1871.508,11,12,4,2,2,49999,26.715889005016276,60855.88914397101
309,1430.316,2,7,4,2,2,44999,31.46087997337651,45713.44570091643
310,1579.752,4,15,3,1,2,99999,63.300442094708536,90056.63207342767
311,1672.26,4,15,3,2,2,58000,34.683601832250964,57999.72581675971
312,1270.206,3,14,2,2,1,42000,33.06550276096948,36772.77417973111
313,1245.3,3,12,1,2,1,35000,28.10567734682406,27753.64596383449
314,1458.78,4,6,2,1,2,65000,44.55778115959912,60366.15481744668
315,1707.84,1,5,2,2,2,37000,21.664792954843545,40968.41325239703
316,1515.708,2,7,2,2,2,48800,32.196174988850096,46286.359895581365
317,1408.968,3,4,4,2,2,39999,28.38886333827312,41547.73902317602
318,1476.57,6,6,3,2,2,49999,33.86158461840617,50088.90310468146
319,1700.724,13,21,2,2,2,55000,32.33916849529965,56997.4248439065
320,2590.224,7,7,4,3,3,77999,30.11283966174354,93834.85912546112
321,2408.766,4,14,4,2,2,74999,31.135859606121972,86201.23848801904
322,1779.0,10,10,3,2,2,90000,50.5902192242833,84526.58926610579
323,2099.22,4,8,3,2,2,63000,30.0111469974562,70373.01977517955
324,1206.162,7,7,2,2,1,59500,49.330023661829834,56105.59228179399
325,989.124,13,13,2,2,1,45000,45.494801460686425,43987.24379662043
326,3173.736,3,9,3,2,3,160000,50.41377102569338,140228.5521722478
327,2444.346,7,15,4,2,3,73000,29.86483910215657,87363.88480327962
328,722.274,11,13,2,1,1,36000,49.84258051653528,38006.537261980855
329,1707.84,3,14,3,2,2,65000,38.059771407157584,63431.738398847505
330,1444.548,6,7,2,2,1,53000,36.6896773246718,49982.2364697896
331,2892.654,19,21,5,3,4,170000,58.76955902779938,147433.87386883114
332,711.6,5,7,2,2,1,43000,60.42720629567172,48699.058107643774
333,1423.2,13,21,2,2,2,55000,38.64530635188308,53336.50228893473
334,1494.36,2,7,2,2,2,48800,32.65612034583367,46009.174518352775
335,2184.612,2,9,3,2,2,80000,36.6197750447219,81416.58991741345
336,601.302,2,9,1,1,1,35000,58.20702409105574,38656.20035352344
337,3558.0,1,7,3,2,2,160000,44.96908375491849,148588.64481409648
338,2102.778,6,12,3,2,2,70000,33.28929634987622,75052.1406004425
339,1138.56,3,4,3,2,2,40000,35.13209668353007,36791.92632241781
340,1579.752,3,12,5,1,1,56000,35.44860205905737,58976.95897400307
341,1135.002,7,12,3,2,1,40000,35.242228648055246,37339.80513616185
342,640.44,2,7,2,1,1,38000,59.33420773218412,43764.72889461323
343,1515.708,2,6,3,2,2,68000,44.863522525446854,64083.65139579896
344,747.18,9,12,2,2,1,60000,80.30193527664018,75921.54379127758
345,754.296,5,14,2,2,1,32000,42.42366391973442,27717.611462998502
346,2134.8,11,12,2,2,2,58000,27.168821435263254,68528.78644478222
347,1490.802,3,12,2,1,2,59888,40.17166598917898,55617.887050193036
348,1231.068,2,7,3,2,2,38888,31.58883181107786,35733.004596871215
349,370.032,4,7,1,1,1,24888,67.2590478661305,41116.784462497846
350,772.086,6,7,2,2,1,39000,50.51250767401559,39272.44649184334
351,1622.448,1,6,3,2,2,130000,80.12583454138438,111982.75321041993
352,925.08,2,4,2,1,1,31999,34.590521900808575,25058.968133623304
353,818.34,5,9,1,2,1,42000,51.32341080724393,39798.35664532231
354,1384.062,6,13,3,2,2,49800,35.98104709182103,48530.908737126825
355,540.816,5,11,1,1,1,29500,54.5472027454809,32527.38669436863
356,2561.76,10,17,4,2,3,100000,39.03566298170008,104573.96900891999
357,1992.48,5,7,4,2,3,55000,27.603790251345057,65674.57852668162
358,1031.82,11,14,3,2,2,61000,59.11883855711268,64267.61675474832
359,2063.64,2,17,3,2,3,85000,41.18935473241457,81937.06462446344
360,2312.7,7,16,5,2,3,55000,23.781726985774206,76303.68249418566
361,2383.86,2,7,3,2,2,70000,29.364140511607225,80854.69953496996
362,2134.8,5,7,4,2,2,78000,36.537380550871276,82382.98663573415
363,2134.8,3,6,4,2,3,98000,45.90593966647929,93710.82036743639
364,1423.2,3,12,3,2,2,50000,35.13209668353007,48175.016763543674
365,1739.862,1,25,3,1,1,65000,37.35928481684179,62687.1041916528
366,1191.93,3,7,3,2,2,55000,46.14364937538278,52555.767284204965
367,711.6,6,14,1,1,1,39000,54.806070826306915,40117.83634043246
368,658.23,4,4,1,1,1,22000,33.42296765568266,11287.15789592806
369,537.258,22,26,1,0,1,19000,35.364759575473975,13755.81808615644
370,1515.708,4,7,2,2,2,88000,58.05867620940181,79187.19066539711
371,1732.746,8,12,4,2,2,65000,37.51271103785552,67626.75552563377
372,640.44,8,9,1,2,1,45000,70.26419336706014,56981.17143318836
373,925.08,2,4,2,1,1,31800,34.37540537034635,24836.077601952384
374,718.716,5,12,2,2,1,34800,48.4196817658157,33868.73414259512
375,426.96,9,12,1,0,1,13000,30.447817125726065,-434.7305138035881
376,658.23,9,12,2,2,1,46000,69.88438691642739,59360.24179798061
377,1501.476,4,4,4,2,2,52000,34.632588199877986,53603.754263743605
378,1771.884,4,7,4,2,2,57000,32.16914877046127,61590.27337407793
379,1167.024,2,12,3,2,2,38000,32.561455462783975,34043.55323674657
380,1252.416,8,12,3,2,2,40000,31.93826971230007,38833.353502207494
381,1697.166,3,12,4,2,2,75000,44.1913165830567,72783.45935305904
382,1167.024,2,12,3,2,2,43000,36.84585749736081,39370.050754501455
383,2184.612,4,14,3,2,2,63000,28.838072847718497,72223.12384313374
384,2170.38,9,15,4,2,2,110000,50.68236898607617,102329.32375684782
385,1857.276,2,7,4,2,2,65000,34.997490949110414,67989.88096439607
386,1996.038,5,12,3,2,2,70000,35.06947262527066,72596.49814252295
387,1359.156,7,16,3,2,2,45000,33.1087822148451,44153.64358968394
388,1586.868,3,7,3,2,2,44000,27.72757406413136,46129.244256373815
389,2312.7,7,15,4,2,2,70000,30.26765252734899,82225.8292240751
390,2227.308,2,5,5,2,2,100000,44.89724815786591,97726.37683023987
391,893.058,8,14,2,2,1,38000,42.55042785574957,34740.74812614919
392,1440.99,6,7,2,2,1,55000,38.16820380432897,51801.08659201678
393,1263.09,5,7,2,2,2,37000,29.293241178380008,33364.95656381185
394,1099.422,2,7,4,2,2,58500,53.209777501268846,59162.60158386491
395,3255.57,4,7,4,2,5,120000,36.85990471714631,129955.49216255991
396,1540.614,6,14,4,2,2,69000,44.787338035354736,67942.8661457769
397,1366.272,10,12,3,2,2,41000,30.00866591718194,41871.8611947812
398,1152.792,10,12,2,2,2,45000,39.035662981700085,42270.99305914993
399,1544.172,10,12,4,2,2,98000,63.46443271863497,92755.18041448973
400,1910.646,6,7,4,2,2,75000,39.253739311206786,76866.6795195841
401,718.716,5,12,2,2,1,35000,48.69795579895258,34271.15151981375
402,1487.244,6,7,3,2,2,33700,22.659361880094995,36737.77064240334
403,1312.902,4,13,3,2,2,41000,31.228530385360063,39106.33165678306
404,1255.974,4,16,3,2,2,40000,31.847793027562673,37331.83424100053
405,2255.772,2,25,3,2,2,80000,35.4645770937843,82111.54338033561
406,2052.966,5,7,4,2,2,78000,37.99380993158192,80886.94659228227
407,1188.372,2,14,3,2,2,36000,30.293544445678624,32051.058721722075
408,604.86,5,5,2,0,1,11900,19.673974142776842,-5327.548722158979
409,889.5,3,4,2,2,1,29800,33.501967397414276,22322.077796060774
410,1067.4,1,6,3,2,2,35000,32.78995690462806,30285.268067215722
411,1138.56,6,10,2,1,2,33000,28.983979763912313,28367.20874597702
412,925.08,4,13,2,2,1,32000,34.59160288839884,24947.790525594406
413,711.6,6,9,2,2,1,42000,59.02192242833052,47339.227594556054
414,925.08,2,4,3,1,1,34500,37.294071864055,30496.622326026034
415,925.08,4,13,2,2,1,32000,34.59160288839884,24954.10931840346
416,523.026,2,12,1,1,1,29000,55.44657435768012,31965.084528512627
417,1529.94,2,12,2,2,1,58000,37.90998339804175,53577.56913556718
418,836.13,8,12,2,1,1,35000,41.85951945271668,32062.158997834842
419,789.876,7,9,1,1,1,42000,53.17290308858606,42088.79657733762
420,1885.74,6,7,3,2,2,54999,29.165738649018422,61398.11458506716
421,2782.356,12,13,3,2,3,123456,44.37102944411139,119459.19678445772
422,711.6,5,7,3,2,2,28000,39.34794828555368,24966.968197699127
423,469.656,7,7,1,1,1,34000,72.39341134788015,52792.340447238865
424,793.434,11,14,2,1,1,40000,50.41377102569338,41811.38450273595
425,1565.52,2,6,3,2,1,45000,28.74444274107006,46004.59386773032
426,1366.272,4,11,4,2,2,50000,36.595934045343824,50106.80729631001
427,1914.204,17,21,3,2,2,88000,45.97211164536277,86310.36713544955
428,1889.298,2,14,4,2,2,100000,52.92971251755943,91251.92698562631
429,1956.9,6,7,4,2,3,85000,43.436046808728086,84345.0523451328
430,1992.48,4,15,3,2,2,99888,50.13249819320646,90727.68489339505
431,3187.968,6,7,3,2,2,168000,52.69814502529511,144703.27216557902
432,925.08,2,18,1,2,1,51000,55.13036710338565,47568.12689739833
433,1067.4,4,7,3,2,2,31000,29.042533258384857,26627.86425280956
434,1352.04,17,24,3,2,2,85000,62.867962486316976,83785.7540253138
435,2063.64,15,15,3,2,2,110000,53.30387083018356,101327.4873836087
436,796.992,3,12,2,2,2,45000,56.46229824138762,46867.33338073168
437,949.986,5,12,2,1,1,43000,45.263824940578075,40047.79958606269
438,2910.444,4,7,3,2,3,90000,30.923116885258743,105789.18181373864
439,3010.068,4,11,3,2,2,185000,61.46040554565544,147300.1609669368
440,768.528,6,7,1,1,1,45000,58.55349447255012,47713.587333664065
441,772.086,3,7,2,2,1,28000,36.26539012493427,20764.38981162881
442,1423.2,3,7,3,2,2,68000,47.779651489600894,64348.265962880054
443,1380.504,2,12,3,2,2,42000,30.42367135480955,40386.12647196925
444,448.308,2,12,1,1,1,17000,37.92035832508008,7158.957197426214
445,1971.132,2,6,4,2,2,53000,26.888102876925544,62833.7412430071
446,2052.966,5,7,4,2,2,78000,37.99380993158192,80971.19716306974
447,1127.886,11,12,3,2,2,150000,132.99216410169115,160297.25102773725
448,3241.338,7,7,2,2,3,99999,30.851148507190548,118515.93689248664
449,1892.856,9,12,3,2,2,119999,63.39573638987858,104964.38896629895
450,2138.358,4,7,4,2,3,100000,46.764854154449345,95383.6725183565
451,1423.2,2,7,4,1,2,45000,31.618887015177066,46277.592937299785
452,1754.094,3,7,4,2,2,48000,27.36455400907819,54705.376842280704
453,925.08,2,4,2,2,1,36000,38.91555324944869,30278.06701223481
454,1352.04,4,11,4,2,2,50000,36.98115440371587,50053.30696782205
455,889.5,5,5,2,1,1,24000,26.981450252951095,15297.780948918873
456,640.44,2,5,1,1,1,28000,43.71994253950409,22787.345976105025
457,1423.2,3,4,4,2,2,39000,27.403035413153457,41209.28414901592
458,651.114,8,11,3,2,2,36000,55.28985707571945,43092.995164866625
459,1391.178,1,7,1,3,3,50000,35.940763870618994,43721.12534251246
460,1487.244,6,7,3,2,2,36000,24.20584651879584,38780.28939114525
461,1700.724,13,21,2,2,2,55000,32.33916849529965,57296.51437020205
462,1515.708,6,7,4,2,2,50000,32.98788420988739,52821.21204501943
463,1206.162,7,7,2,2,1,57000,47.257333592005054,53824.58923684062
464,2052.966,5,7,4,2,2,78000,37.99380993158192,81009.10991992411
465,1298.67,7,7,2,2,1,59500,45.81610416811045,55879.51091109838
466,1444.548,2,5,4,2,2,45000,31.151612822834547,46372.43741007385
467,2067.198,4,14,4,2,2,100000,48.37465980520492,93735.32060146956
468,1227.51,2,7,3,2,2,39000,31.771635261627196,36065.04717116677
469,1494.36,4,4,3,2,2,36000,24.09058058299205,38461.6062502148
470,1366.272,4,11,4,2,2,50000,36.595934045343824,50199.48292417625
471,2298.468,14,18,4,2,2,135000,58.73477464119579,119327.3256349077
472,925.08,7,10,1,2,1,28000,30.267652527348986,18945.529361995803
473,3842.64,15,16,3,1,2,200000,52.04755064226678,174004.13020636592
474,1889.298,2,14,4,2,2,105000,55.5761981434374,94635.10256535062
475,2063.64,3,6,4,2,2,98000,47.488903103254444,92654.54228236909
476,1544.172,10,12,4,2,2,98000,63.46443271863497,92917.36276325563
477,1273.764,5,13,3,2,2,57000,44.74926281477574,54762.96449672041
478,1579.752,4,15,3,2,2,100000,63.301075105459596,90047.00631349342
479,1672.26,10,12,2,1,2,45000,26.90969107674644,49313.492656361734
480,1227.51,5,12,2,2,2,45000,36.65957914803138,40914.53459403605
481,1401.852,2,6,3,2,3,60000,42.80052387841227,57389.68260293799
482,569.28,9,9,2,2,1,32000,56.21135469364812,39094.564973062035
483,2173.938,5,7,4,2,2,60000,27.599683155637372,73164.18104774476
484,2213.076,2,14,4,2,2,108000,48.80085455718647,99684.118459614
485,2063.64,4,14,4,2,2,100000,48.458064391075965,93729.09515807347
486,1707.84,9,15,3,2,2,80000,46.842795578040096,76624.61707100007
487,900.174,4,7,2,2,2,88000,97.75887772808369,103178.37038370647
488,1465.896,6,7,2,2,2,80000,54.57413077053216,73713.08509186703
489,1316.46,4,13,3,2,2,45000,34.18258055694818,43103.3839797669
490,740.064,6,14,1,1,1,38800,52.4278981277295,38605.44867062181
491,754.296,2,9,1,1,1,35000,46.400882412209526,30673.703046100753
492,1647.354,10,14,2,2,2,55000,33.38687373812793,55864.22429809463
493,811.224,5,12,2,1,1,43500,53.622673885388004,44784.849930208555
494,1487.244,8,12,4,2,2,38000,25.550615769840054,42840.097906956114
495,1494.36,1,4,4,2,3,150000,100.37741909580022,134491.28338220232
496,2914.002,5,15,3,2,2,110000,37.748772993292384,114081.16766535926
497,1665.144,7,12,4,2,2,48000,28.826335740332368,53963.2754125784
498,1732.746,8,12,4,2,2,72000,41.55254145731688,72910.731725451
499,853.92,8,14,2,1,1,42000,49.184935356942105,41946.15428798742
500,1885.74,6,7,4,2,2,75000,39.77218492475102,76687.14453051912
501,889.5,11,13,2,2,2,49998,56.20910623946037,53158.22600498244
502,2455.02,12,25,4,2,2,110000,44.806152292038355,107498.25033844821
503,1067.4,6,9,4,2,2,50000,46.842795578040096,51379.46900650973
504,1102.98,2,9,3,2,2,50000,45.33173765616784,47687.96394909318
505,3024.3,9,13,3,2,2,158000,52.243494362331774,138143.8239760513
506,1102.98,2,4,3,1,2,26000,23.572503581207275,21340.59049357623
507,1725.63,4,12,3,2,2,45000,26.077432589836754,50123.66779879779
508,985.566,8,14,2,2,1,28000,28.410070964298686,21268.68197215986
509,1102.98,3,7,3,2,2,35000,31.732216359317484,31268.833380510718
510,1885.74,7,12,3,1,2,77000,40.83277652274439,76471.85302604958
511,2028.06,12,12,5,1,1,89000,43.884303225742826,91448.07910111203
512,540.816,5,11,2,1,1,28500,52.698145025295105,32511.911494561955
513,590.628,8,9,2,1,1,45000,76.19008919319775,64882.96164289391
514,2170.38,9,15,4,2,2,110000,50.68236898607617,102603.13811190712
515,1992.48,5,12,3,2,2,70000,35.13209668353007,72798.2637037764
516,960.66,4,5,3,2,2,33000,34.351383423896074,29085.305472424872
517,843.246,2,18,1,1,1,51500,61.073518285292785,52094.118248249026
518,1889.298,18,21,3,2,2,69500,36.786150199703805,74397.47524077905
519,1487.244,6,7,3,1,2,36000,24.20584651879584,39268.82318472267
520,587.07,5,7,1,1,1,36000,61.32147784761612,43450.12804818857
521,1384.062,6,13,3,2,2,50000,36.12554928897694,49062.09123230154
522,818.34,4,5,3,2,1,21000,25.661705403621966,12095.531246466031
523,711.6,1,4,2,2,3,42000,59.02192242833052,46801.634537192615
524,1074.516,7,10,3,1,2,35000,32.57280487214709,32688.96228595721
525,391.38,7,14,1,2,1,25000,63.87653942460013,38392.196359501984
526,1889.298,2,14,4,2,2,100000,52.92971251755943,91458.34088405565
527,1031.82,4,16,3,2,2,40000,38.766451512860776,36876.689439661466
528,1921.32,3,7,4,2,2,55000,28.626152853246726,63374.24520505253
529,1387.62,4,4,3,2,2,40000,28.82633574033237,40037.44245965578
530,1352.04,9,14,3,2,2,50000,36.98115440371587,49761.67830915613
531,1433.874,5,6,3,2,2,47000,32.77833338215213,47083.83119129791
532,462.54,13,14,1,1,1,20000,43.23950361049855,18115.769866874638
533,3775.038,11,11,3,3,3,150000,39.73469935931771,154569.11913184647
534,996.24,2,5,3,2,1,28000,28.10567734682406,21868.739750948378
535,441.192,3,6,1,2,1,40000,90.66347531233568,72885.64245285641
536,1757.652,6,7,4,2,3,65000,36.98115440371586,68283.47424858499
537,1974.69,6,17,4,2,2,70000,35.44860205905737,74481.31566861749
538,711.6,5,7,2,2,1,43000,60.42720629567172,49132.948547199296
539,1825.254,5,7,3,2,2,60000,32.87213724774744,63404.09525094591
540,1814.58,6,14,4,2,3,85000,46.842795578040096,82475.63435732016
541,1426.758,3,12,3,2,2,48120,33.72681281618887,46950.51320023105
542,469.656,9,12,1,1,1,35000,74.52262932870015,56055.35631174016
543,1149.234,10,12,3,2,1,50000,43.50724047495984,49627.511184227864
544,2309.142,16,21,4,2,4,138000,59.76245722437165,122297.6664003201
545,1102.98,2,4,2,1,2,31000,28.10567734682406,25101.90868464733
546,782.76,3,5,2,1,1,30000,38.32592365476008,24473.126136980143
547,1352.04,9,13,3,2,2,48000,35.501908227567235,48021.381692653755
548,1494.36,6,7,4,1,2,60000,40.15096763832009,61375.1737399398
549,1245.3,5,6,3,2,2,40000,32.120774110656065,38476.783284801626
550,1529.94,2,7,4,2,2,45000,29.412918153653084,47813.76396246926
551,1569.078,10,12,2,2,2,58000,36.964382905120075,57302.86366048434
552,1352.04,2,4,4,2,2,30000,22.18869264222952,31644.218183316167
553,2141.916,7,19,4,2,2,77000,35.94912218779821,82293.31538655324
554,1565.52,1,5,3,2,3,80000,51.10123153968011,74370.03692708901
555,1885.74,2,7,4,2,2,55000,29.166268944817418,62288.64560702788
556,1761.21,3,6,3,2,2,45000,25.550615769840054,51078.213712038145
557,1761.21,3,6,4,2,2,45000,25.550615769840054,53030.2384200843
558,889.5,11,18,2,2,1,30500,34.28892636312535,25451.2844193454
559,2668.5,5,12,4,2,2,138888,52.047217537942664,123909.49164173947
560,1334.25,5,11,3,2,2,38000,28.48041971144838,37368.387078218286
561,925.08,1,4,2,2,1,36000,38.91555324944869,30169.44565440685
562,878.826,10,14,1,1,1,47999,54.61718246842947,48580.59164708729
563,1067.4,3,12,3,2,1,35000,32.78995690462806,30611.46352133275
564,1423.2,11,12,2,2,2,38000,26.700393479482855,38865.02263464445
565,1419.642,3,7,3,2,2,45000,31.69813234604217,44490.31934056049
566,711.6,5,5,2,2,1,22000,30.916245081506464,12668.050085427974
567,718.716,5,12,2,2,1,35000,48.69795579895258,34620.79138858179
568,1956.9,9,12,4,2,2,90000,45.991108385712096,88211.37772699367
569,1544.172,10,12,4,2,2,98000,63.46443271863497,93113.24534033652
570,2383.86,1,7,5,3,3,60000,25.169263295663335,79589.07993171772
571,2081.43,10,17,3,2,2,68000,32.669847172376684,74928.05681537652
572,711.6,6,6,2,1,1,17000,23.889825744800447,4595.198064702832
573,700.926,7,11,2,1,1,40000,57.06736517121636,45384.87419610638
574,1181.256,1,4,3,2,2,52000,44.02094042273647,49424.94641149728
575,498.12,11,14,2,1,1,40000,80.30193527664017,66983.59384959444
576,5856.468,7,21,6,2,5,180000,30.735248617426066,234762.2050123607
577,1245.3,8,8,3,2,2,23000,18.469445113627238,22470.92571636937
578,868.152,3,5,3,2,1,26000,29.948672582681372,19268.636111481792
579,533.7,7,7,1,1,1,28800,53.96290050590219,32893.4471411054
580,693.81,2,7,1,1,1,33000,47.56345397154841,29915.300294486857
581,1576.194,3,7,4,2,2,44000,27.9153454460555,48275.718955535536
582,5760.402,9,15,3,2,3,170000,29.511829209142,223847.16316681384
583,796.992,3,12,2,2,1,45000,56.46229824138762,46873.24703963514
584,2052.966,5,7,4,2,2,78000,37.99380993158192,81261.86163228654
585,1163.466,2,7,3,2,2,38000,32.66103177918392,34757.179797618584
586,1316.46,4,15,3,2,2,45000,34.18258055694818,43186.17441782224
587,1099.422,4,12,2,2,1,38800,35.29127123161079,33483.57006418129
588,1480.128,4,7,2,2,2,99999,67.56104877416007,89968.91448055852
589,2739.66,5,21,4,2,2,150000,54.751319506800115,129737.81066183286
590,800.55,3,4,2,2,1,43000,53.71307226281932,44107.90016088686
591,676.02,6,7,2,1,1,45000,66.56607792668856,56090.85591139028
592,964.218,4,4,3,2,1,32000,33.187515686286716,27704.900374018922
593,1832.37,9,16,4,2,2,69000,37.65615023166719,72501.30198898232
594,782.76,10,14,1,0,1,31000,39.60345444325208,26380.811055280887
595,1551.288,5,5,4,2,2,59800,38.54861250779997,61268.89088215237
596,1102.98,2,4,2,2,2,31000,28.10567734682406,24845.063960735475
597,989.124,9,12,3,2,2,42000,42.461814696640666,41763.913071471194
598,711.6,9,14,2,1,1,27000,37.94266441821248,22622.372065982316
599,1458.78,6,7,3,2,2,36000,24.67815571916259,38477.902292525585
600,1359.156,7,16,3,2,2,45000,33.1087822148451,44602.27787912727
601,2063.64,5,9,4,2,2,60000,29.07483863464558,70544.09033316195
602,846.804,14,14,2,2,1,29000,34.24641357386125,24970.022264148116
603,1458.78,21,27,3,2,2,60000,41.13025953193765,62742.11017666574
604,1127.886,4,5,3,2,2,26000,23.051975110959795,22181.75240798064
605,1355.598,5,19,2,2,2,69999,51.63698972704297,64668.211856610535
606,1892.856,5,12,4,2,2,129999,68.67875844755227,112460.81968723962
607,1031.82,3,6,3,2,2,21000,20.352387044251905,14450.917411864124
608,1707.84,5,7,3,2,2,50000,29.276747236275064,54210.525728224544
609,640.44,9,12,2,1,1,45000,70.26419336706014,59948.360815344255
610,1014.03,8,11,3,2,2,36000,35.501908227567235,33907.39877896817
611,1067.4,6,14,3,2,1,43000,40.28480419711448,40906.106689874476
612,711.6,8,12,1,2,1,30000,42.158516020236085,25358.1522828124
613,996.24,4,5,3,2,1,6100,6.123022564843812,-4589.746586002941
614,2134.8,3,6,4,2,3,98000,45.90593966647929,94239.49269912782
615,1647.354,11,14,4,2,2,55000,33.38687373812793,60359.229589773226
616,1138.56,3,12,3,2,2,42000,36.88870151770658,39070.566017931735
617,889.5,5,9,1,1,1,43000,48.34176503653738,39970.325975713036
618,711.6,8,14,1,1,1,36000,50.5902192242833,36083.648604685506
619,1857.276,2,14,3,2,2,45000,24.22903219553798,52735.72796813353
620,1102.98,6,7,3,2,2,65000,58.93125895301819,66285.47638128711
621,925.08,2,4,2,1,1,32000,34.59160288839884,25626.895544185863
622,2312.7,11,14,3,2,2,99999,43.23907121546245,98279.14782126452
623,925.08,4,9,3,2,2,45000,48.644441561810865,45339.05852904623
624,711.6,1,1,3,1,1,12000,16.863406408094434,-3447.1473629181783
625,4198.44,15,19,7,3,4,180000,42.873067139223146,185198.7315364533
626,3095.46,1,6,4,2,3,100000,32.30537626071731,116584.69738170589
627,2590.224,5,15,3,2,3,110000,42.46736961745393,107078.86588117425
628,1885.74,8,13,3,2,2,120000,63.63549587960164,104946.86381349969
629,1245.3,1,14,3,2,2,55000,44.166064402152095,51772.12651856194
630,1174.14,10,12,3,2,2,41000,34.91917488544807,40484.131799632654
631,1458.78,6,7,2,2,2,75000,51.412824414922056,69793.29954904105
632,1305.786,9,12,3,2,2,42000,32.164535383286385,42196.790823275114
633,1316.46,12,12,3,2,2,45000,34.18258055694818,46156.2278242872
634,1167.024,2,12,3,2,2,38000,32.561455462783975,34580.65062551675
635,996.24,3,5,3,1,1,28000,28.10567734682406,22781.8345428068
636,1099.422,2,7,4,2,2,57777,52.55215922548393,58855.71658984854
637,2042.292,6,18,2,2,2,82000,40.15096763832008,79376.95313334114
638,843.246,2,18,1,1,1,53000,62.852358623699374,54557.860556251064
639,1889.298,18,21,3,2,2,70000,37.0507987622916,74980.96195974304
640,1266.648,6,7,3,2,2,40000,31.579412749240518,39157.79201728807
641,1707.84,9,9,4,2,2,60000,35.13209668353007,64723.736216705634
642,1707.84,9,15,3,2,2,80000,46.842795578040096,76953.19429707126
643,2846.4,5,12,4,2,2,138888,48.79426644182124,127432.3628714422
644,1359.156,7,15,3,2,2,45000,33.1087822148451,44755.71210504564
645,377.148,4,10,1,1,1,24800,65.75667907558837,39987.8011226536
646,740.064,13,14,1,1,1,45000,60.80555195226359,51689.706819227664
647,1707.84,3,14,3,2,2,65000,38.059771407157584,64101.530436607965
648,1376.946,6,7,3,2,1,36000,26.14481613658052,36701.390825238734
